{
  "assetsByChunkName": {
    "vendors~app-account~app-checkout~app-confirmation~app-order": "chunk.7f678b6f45d247e3b80b.js",
    "vendors~app-account~app-confirmation~app-order": "chunk.871615f164a72883c05f.js",
    "vendors~app-account~app-checkout": "chunk.7ffada32e0049a99fdd8.js",
    "vendors~app-cart~app-checkout": "chunk.92ca85c97ca45982d693.js",
    "admin": [
      "admin.2c8279f481d77e511337.js",
      "admin.2c8279f481d77e511337.js.map"
    ],
    "app-account": "chunk.6a2fc78ff970f91be570.js",
    "app-checkout": "chunk.ae6ee13a98ffd2541977.js",
    "app-confirmation": "chunk.c46c216a23c573cbe95c.js",
    "app-order": "chunk.6f0ce439585bd3bb81eb.js",
    "checkout": [
      "checkout.3b77b3a75d7dc7f0309c.js",
      "checkout.3b77b3a75d7dc7f0309c.js.map"
    ],
    "storefront": [
      "storefront.9e1c8708212bed614ee6.css",
      "storefront.796fd3b2e427d89d6f9e.js",
      "storefront.9e1c8708212bed614ee6.css.map",
      "storefront.796fd3b2e427d89d6f9e.js.map"
    ],
    "vendors~app-cart": "chunk.cc1cde0f30fccffa3f52.js"
  }
}