{
  "meta_title": "",
  "meta_description": "",
  "sections": [
    {
      "type": "banner-slider",
      "autoplay": 5000,
      "full_width": false,
      "slides": [
        {
          "start": "",
          "end": "",
          "img": "/img/uploads/1641.png",
          "link": "/home-spray-premium-1-litro",
          "mobile_img": "/img/uploads/1646.png"
        },
        {
          "start": "",
          "end": "",
          "img": "/img/uploads/1214.png",
          "link": "https://www.cheirinhomagicopremium.com.br/home-spray-premium-500",
          "mobile_img": "/img/uploads/1222.png"
        },
        {
          "start": "",
          "end": "",
          "img": "/img/uploads/2155.png",
          "link": "https://www.cheirinhomagicopremium.com.br/home-spray-premium-1",
          "mobile_img": "/img/uploads/63ec0569718334001d4f058e.png"
        },
        {
          "start": "",
          "end": "",
          "img": "/img/uploads/1750.png",
          "link": "https://www.cheirinhomagicopremium.com.br/home-spray-premium-500-ml",
          "mobile_img": "/img/uploads/1243.png"
        },
        {
          "start": "",
          "end": "",
          "img": "/img/uploads/1718.png",
          "link": "https://www.cheirinhomagicopremium.com.br/agua-perfumada-premium-500",
          "mobile_img": "/img/uploads/1638.png"
        }
      ]
    },
    {
      "type": "info-bar",
      "enabled": true
    },
    {
      "type": "collection-shelf",
      "shuffle": false,
      "limit": 12,
      "page": 1,
      "collection_id": "655f46b42cd6b65959b61f96:collections:Mais vendidos:/mais-vendidos",
      "sort": "views"
    },
    {
      "type": "collection-shelf",
      "shuffle": false,
      "limit": 12,
      "page": 1,
      "sort": "lowest_price",
      "title": "Ofertas"
    },
    {
      "type": "page-title",
      "title": "",
      "description": "Tudo que seu Negócio precisa para ter um ambiente perfumado com padrão Premium de Qualidade"
    }
  ]
}