{
  "shipping": {
    "show": true,
    "text": "",
    "title": "FRETES PROMOCIONAIS"
  },
  "installments": {
    "show": true,
    "text": "",
    "title": "SEJA UM REVENDEDOR AUTORIZADO",
    "link": ""
  },
  "exchange": {
    "show": false,
    "text": "",
    "title": "NÃO REALIZAMOS TROCAS"
  },
  "promo": {
    "show": true,
    "text": "",
    "title": "Consulte nossa sessão ***QUEIMA DE ESTOQUE***",
    "link": "https://www.cheirinhomagicopremium.com.br/sache-perfumado-via-aroma"
  }
}